Workbook

Sheet Dados VR
A1: Colaradores | B1: CPF | C1: Ausências no mês | D1: Dias Trabalhados | E1: Valor VR | H1: Análises
A2: Ana | B2: 44444444444 | C2: 5 | D2: ='Dados de Apoio'!B$3-Tabela1[[#This Row],[Ausências no mês ]] -> 17 | E2: ='Dados de Apoio'!B$2*Tabela1[[#This Row],[Dias Trabalhados]] -> 561 | H2: Categoria | I2: Valor
A3: Carlos | B3: 66666666666 | C3: 7 | D3: ='Dados de Apoio'!B$3-Tabela1[[#This Row],[Ausências no mês ]] -> 15 | E3: ='Dados de Apoio'!B$2*Tabela1[[#This Row],[Dias Trabalhados]] -> 495 | H3: Média dos dias trabalhados | I3: =AVERAGE(Tabela1[Dias Trabalhados]) -> 19.8
A4: Claúdio | B4: 99999999999 | C4: 0 | D4: ='Dados de Apoio'!B$3-Tabela1[[#This Row],[Ausências no mês ]] -> 22 | E4: ='Dados de Apoio'!B$2*Tabela1[[#This Row],[Dias Trabalhados]] -> 726 | H4: Proporcional aos dias úteis | I4: =I3/'Dados de Apoio'!B3 -> 0.9
A5: Fernando | B5: 77777777777 | C5: 0 | D5: ='Dados de Apoio'!B$3-Tabela1[[#This Row],[Ausências no mês ]] -> 22 | E5: ='Dados de Apoio'!B$2*Tabela1[[#This Row],[Dias Trabalhados]] -> 726
A6: Guilherme | B6: 111111111110 | C6: 0 | D6: ='Dados de Apoio'!B$3-Tabela1[[#This Row],[Ausências no mês ]] -> 22 | E6: ='Dados de Apoio'!B$2*Tabela1[[#This Row],[Dias Trabalhados]] -> 726
A7: João | B7: 11111111111 | C7: 2 | D7: ='Dados de Apoio'!B$3-Tabela1[[#This Row],[Ausências no mês ]] -> 20 | E7: ='Dados de Apoio'!B$2*Tabela1[[#This Row],[Dias Trabalhados]] -> 660
A8: José | B8: 22222222222 | C8: 3 | D8: ='Dados de Apoio'!B$3-Tabela1[[#This Row],[Ausências no mês ]] -> 19 | E8: ='Dados de Apoio'!B$2*Tabela1[[#This Row],[Dias Trabalhados]] -> 627
A9: Maria | B9: 33333333333 | C9: 1 | D9: ='Dados de Apoio'!B$3-Tabela1[[#This Row],[Ausências no mês ]] -> 21 | E9: ='Dados de Apoio'!B$2*Tabela1[[#This Row],[Dias Trabalhados]] -> 693
A10: Pedro | B10: 88888888888 | C10: 4 | D10: ='Dados de Apoio'!B$3-Tabela1[[#This Row],[Ausências no mês ]] -> 18 | E10: ='Dados de Apoio'!B$2*Tabela1[[#This Row],[Dias Trabalhados]] -> 594
A11: Sabrina | B11: 55555555555 | C11: 0 | D11: ='Dados de Apoio'!B$3-Tabela1[[#This Row],[Ausências no mês ]] -> 22 | E11: ='Dados de Apoio'!B$2*Tabela1[[#This Row],[Dias Trabalhados]] -> 726
A12: SUBTOTAL: | E12: =SUBTOTAL(109,Tabela1[Valor VR]) -> 6534

Sheet Dados de Apoio
A1: Dados de Apoio | B1: Valor/Dia
A2: Vale Refeição | B2: 33
A3: Dias Úteis | B3: 22
